{
  "model": "XGBoost_LotoRanker_v1",
  "n_features": 31,
  "features": [
    "gan_ratio",
    "gan_mean_ratio",
    "gan_current",
    "gan_inv",
    "freq_3d",
    "freq_7d",
    "freq_14d",
    "freq_30d",
    "freq_7d_abs",
    "roi_1d_ago",
    "roi_2d_ago",
    "share_g1",
    "share_db",
    "share_db2",
    "share_db3",
    "d0_in_g1",
    "d1_in_g1",
    "d0_in_db",
    "d1_in_db",
    "gap_trend",
    "gap_trend_pos",
    "burst_2d",
    "burst_3d",
    "consecutive",
    "sum_close",
    "top7_share",
    "g1_sum_mod",
    "digit_sum",
    "digit_diff",
    "d0_float",
    "d1_float"
  ],
  "overall_p3": 3.04853590052146,
  "overall_p5": 5.415162454873646,
  "overall_p10": 11.311672683513839,
  "total_tests": 2493,
  "total_hits3": 76,
  "random_baseline_p3": 3.0,
  "improvement_pp": 0.04853590052145984,
  "by_year": {
    "2019": {
      "p3": 2.7700831024930745,
      "p5": 4.986149584487535,
      "p10": 9.97229916897507,
      "hits3": 10,
      "total3": 361,
      "hits5": 18,
      "total5": 361,
      "hits10": 36,
      "total10": 361,
      "n_train_days": 3218,
      "feature_importance": [
        [
          "gap_trend",
          227.43431091308594
        ],
        [
          "freq_3d",
          223.46078491210938
        ],
        [
          "share_db2",
          221.0588836669922
        ],
        [
          "gan_inv",
          218.60350036621094
        ],
        [
          "d0_in_g1",
          209.66079711914062
        ],
        [
          "gan_ratio",
          208.00830078125
        ],
        [
          "d1_in_db",
          207.9076690673828
        ],
        [
          "gan_current",
          204.26756286621094
        ],
        [
          "digit_diff",
          201.59527587890625
        ],
        [
          "d1_float",
          198.4255828857422
        ]
      ]
    },
    "2020": {
      "p3": 2.366863905325444,
      "p5": 5.325443786982249,
      "p10": 11.834319526627219,
      "hits3": 8,
      "total3": 338,
      "hits5": 18,
      "total5": 338,
      "hits10": 40,
      "total10": 338,
      "n_train_days": 3579,
      "feature_importance": [
        [
          "d0_in_db",
          241.97804260253906
        ],
        [
          "gap_trend",
          236.45530700683594
        ],
        [
          "share_db2",
          228.95614624023438
        ],
        [
          "gan_current",
          226.89373779296875
        ],
        [
          "sum_close",
          214.31658935546875
        ],
        [
          "d0_in_g1",
          214.18405151367188
        ],
        [
          "d1_in_db",
          211.76846313476562
        ],
        [
          "g1_sum_mod",
          203.60655212402344
        ],
        [
          "gan_mean_ratio",
          201.96881103515625
        ],
        [
          "share_db",
          201.36679077148438
        ]
      ]
    },
    "2021": {
      "p3": 5.013927576601671,
      "p5": 7.7994428969359335,
      "p10": 12.534818941504177,
      "hits3": 18,
      "total3": 359,
      "hits5": 28,
      "total5": 359,
      "hits10": 45,
      "total10": 359,
      "n_train_days": 3917,
      "feature_importance": [
        [
          "gap_trend",
          252.50721740722656
        ],
        [
          "share_db2",
          221.84991455078125
        ],
        [
          "gan_ratio",
          217.12828063964844
        ],
        [
          "gan_mean_ratio",
          214.45875549316406
        ],
        [
          "gan_inv",
          211.9765167236328
        ],
        [
          "sum_close",
          210.6952667236328
        ],
        [
          "consecutive",
          209.45211791992188
        ],
        [
          "gan_current",
          206.39466857910156
        ],
        [
          "d0_in_g1",
          202.94468688964844
        ],
        [
          "digit_diff",
          202.5519561767578
        ]
      ]
    },
    "2022": {
      "p3": 3.072625698324022,
      "p5": 5.027932960893855,
      "p10": 12.011173184357542,
      "hits3": 11,
      "total3": 358,
      "hits5": 18,
      "total5": 358,
      "hits10": 43,
      "total10": 358,
      "n_train_days": 4276,
      "feature_importance": [
        [
          "gap_trend",
          250.07315063476562
        ],
        [
          "freq_7d_abs",
          236.80743408203125
        ],
        [
          "freq_3d",
          229.9778289794922
        ],
        [
          "gan_mean_ratio",
          228.1763916015625
        ],
        [
          "d1_in_db",
          226.4320831298828
        ],
        [
          "gan_ratio",
          221.79177856445312
        ],
        [
          "d1_float",
          217.74609375
        ],
        [
          "gan_current",
          214.14718627929688
        ],
        [
          "digit_sum",
          210.5335693359375
        ],
        [
          "digit_diff",
          209.5262451171875
        ]
      ]
    },
    "2023": {
      "p3": 1.9553072625698324,
      "p5": 3.6312849162011176,
      "p10": 11.1731843575419,
      "hits3": 7,
      "total3": 358,
      "hits5": 13,
      "total5": 358,
      "hits10": 40,
      "total10": 358,
      "n_train_days": 4634,
      "feature_importance": [
        [
          "gap_trend",
          257.16943359375
        ],
        [
          "gan_ratio",
          223.26443481445312
        ],
        [
          "d0_float",
          222.46315002441406
        ],
        [
          "sum_close",
          220.29991149902344
        ],
        [
          "gan_current",
          214.72900390625
        ],
        [
          "gan_mean_ratio",
          213.2117462158203
        ],
        [
          "gan_inv",
          211.18345642089844
        ],
        [
          "digit_diff",
          208.19361877441406
        ],
        [
          "burst_2d",
          205.42724609375
        ],
        [
          "d1_float",
          205.01475524902344
        ]
      ]
    },
    "2024": {
      "p3": 2.7777777777777777,
      "p5": 6.111111111111111,
      "p10": 10.277777777777777,
      "hits3": 10,
      "total3": 360,
      "hits5": 22,
      "total5": 360,
      "hits10": 37,
      "total10": 360,
      "n_train_days": 4992,
      "feature_importance": [
        [
          "gap_trend",
          248.52423095703125
        ],
        [
          "gan_current",
          228.6498565673828
        ],
        [
          "d1_float",
          220.3511199951172
        ],
        [
          "gan_inv",
          218.9127655029297
        ],
        [
          "digit_diff",
          218.01840209960938
        ],
        [
          "d1_in_db",
          215.7478485107422
        ],
        [
          "freq_30d",
          214.51193237304688
        ],
        [
          "gan_ratio",
          211.1002197265625
        ],
        [
          "gan_mean_ratio",
          209.58914184570312
        ],
        [
          "share_db3",
          207.392333984375
        ]
      ]
    },
    "2025": {
      "p3": 3.3426183844011144,
      "p5": 5.013927576601671,
      "p10": 11.420612813370473,
      "hits3": 12,
      "total3": 359,
      "hits5": 18,
      "total5": 359,
      "hits10": 41,
      "total10": 359,
      "n_train_days": 5352,