{
  "dataset_size": 142,
  "best_signal": "composition",
  "verdict_counts": {
    "keep": 1,
    "watch": 0,
    "drop": 15
  },
  "top5": [
    {
      "target": "loto2",
      "mode": "all",
      "signal": "composition",
      "top_k": 3,
      "train_size": 30,
      "test_size": 112,
      "hit_rate": 0.625,
      "baseline_hit_rate": 0.5577649821428571,
      "frequency_hit_rate": 0.6339285714285714,
      "precision_at_k": 0.2738095238095238,
      "baseline_precision_at_k": 0.23839285714285713,
      "frequency_precision_at_k": 0.27976190476190477,
      "hit_rate_pct": 62.5,
      "baseline_hit_rate_pct": 55.77649821428571,
      "frequency_hit_rate_pct": 63.39285714285714,
      "precision_at_k_pct": 27.38095238095238,
      "baseline_precision_at_k_pct": 23.83928571428571,
      "frequency_precision_at_k_pct": 27.976190476190478,
      "hit_rate_delta_vs_baseline_pct": 6.7235017857142925,
      "hit_rate_delta_vs_frequency_pct": -0.8928571428571397,
      "precision_delta_vs_baseline_pct": 3.541666666666665,
      "precision_delta_vs_frequency_pct": -0.5952380952380987,
      "recent_hit_rate": 0.7,
      "recent_hit_rate_pct": 70.0,
      "recent_precision_at_k": 0.31666666666666665,
      "recent_precision_at_k_pct": 31.666666666666664,
      "win_rate_vs_frequency": 0.48660714285714285,
      "win_rate_vs_frequency_pct": 48.660714285714285,
      "unique_prediction_rate": 0.29464285714285715,
      "unique_prediction_rate_pct": 29.464285714285715,
      "avg_score_gap": 0.0011881234868209507,
      "ranking_score": 0.22947881376111837,
      "ranking_score_pct": 22.947881376111837,
      "repeated_prediction_rate": 0.7053571428571428,
      "repeated_prediction_rate_pct": 70.53571428571428,
      "research_verdict": "drop",
      "research_notes": [
        "loses to frequency hit rate",
        "hurts precision",
        "recent form is strong",
        "repeats predictions often"
      ],
      "bridge_signal": true
    },
    {
      "target": "loto2",
      "mode": "all",
      "signal": "cold_return",
      "top_k": 3,
      "train_size": 30,
      "test_size": 112,
      "hit_rate": 0.5446428571428571,
      "baseline_hit_rate": 0.5577649821428571,
      "frequency_hit_rate": 0.6339285714285714,
      "precision_at_k": 0.22916666666666666,
      "baseline_precision_at_k": 0.23839285714285713,
      "frequency_precision_at_k": 0.27976190476190477,
      "hit_rate_pct": 54.46428571428571,
      "baseline_hit_rate_pct": 55.77649821428571,
      "frequency_hit_rate_pct": 63.39285714285714,
      "precision_at_k_pct": 22.916666666666664,
      "baseline_precision_at_k_pct": 23.83928571428571,
      "frequency_precision_at_k_pct": 27.976190476190478,
      "hit_rate_delta_vs_baseline_pct": -1.3122124999999984,
      "hit_rate_delta_vs_frequency_pct": -8.92857142857143,
      "precision_delta_vs_baseline_pct": -0.9226190476190471,
      "precision_delta_vs_frequency_pct": -5.059523809523811,
      "recent_hit_rate": 0.75,
      "recent_hit_rate_pct": 75.0,
      "recent_precision_at_k": 0.3,
      "recent_precision_at_k_pct": 30.0,
      "win_rate_vs_frequency": 0.45535714285714285,
      "win_rate_vs_frequency_pct": 45.535714285714285,
      "unique_prediction_rate": 0.5446428571428571,
      "unique_prediction_rate_pct": 54.46428571428571,
      "avg_score_gap": 0.06577380952380953,
      "ranking_score": 0.22492559523809522,
      "ranking_score_pct": 22.492559523809522,
      "repeated_prediction_rate": 0.4553571428571429,
      "repeated_prediction_rate_pct": 45.53571428571429,
      "research_verdict": "drop",
      "research_notes": [
        "loses to frequency hit rate",
        "hurts precision",
        "recent form is strong"
      ],
      "bridge_signal": false
    },
    {
      "target": "loto2",
      "mode": "all",
      "signal": "symmetry",
      "top_k": 3,
      "train_size": 30,
      "test_size": 112,
      "hit_rate": 0.6517857142857143,
      "baseline_hit_rate": 0.5577649821428571,
      "frequency_hit_rate": 0.6339285714285714,
      "precision_at_k": 0.28273809523809523,
      "baseline_precision_at_k": 0.23839285714285713,
      "frequency_precision_at_k": 0.27976190476190477,
      "hit_rate_pct": 65.17857142857143,
      "baseline_hit_rate_pct": 55.77649821428571,
      "frequency_hit_rate_pct": 63.39285714285714,
      "precision_at_k_pct": 28.273809523809522,
      "baseline_precision_at_k_pct": 23.83928571428571,
      "frequency_precision_at_k_pct": 27.976190476190478,
      "hit_rate_delta_vs_baseline_pct": 9.402073214285721,
      "hit_rate_delta_vs_frequency_pct": 1.7857142857142905,
      "precision_delta_vs_baseline_pct": 4.43452380952381,
      "precision_delta_vs_frequency_pct": 0.29761904761904656,
      "recent_hit_rate": 0.7,
      "recent_hit_rate_pct": 70.0,
      "recent_precision_at_k": 0.2833333333333333,
      "recent_precision_at_k_pct": 28.333333333333332,
      "win_rate_vs_frequency": 0.5089285714285714,
      "win_rate_vs_frequency_pct": 50.89285714285714,
      "unique_prediction_rate": 0.008928571428571428,
      "unique_prediction_rate_pct": 0.8928571428571428,
      "avg_score_gap": 0.0,
      "ranking_score": 0.2238095238095238,
      "ranking_score_pct": 22.38095238095238,
      "repeated_prediction_rate": 0.9910714285714286,
      "repeated_prediction_rate_pct": 99.10714285714286,
      "research_verdict": "keep",
      "research_notes": [
        "beats frequency hit rate",
        "improves precision",
        "recent form is strong",
        "repeats predictions often"
      ],
      "bridge_signal": false
    },
    {
      "target": "loto2",
      "mode": "all",
      "signal": "head_tail_link",
      "top_k": 3,
      "train_size": 30,
      "test_size": 112,
      "hit_rate": 0.5892857142857143,
      "baseline_hit_rate": 0.5577649821428571,
      "frequency_hit_rate": 0.6339285714285714,
      "precision_at_k": 0.25297619047619047,
      "baseline_precision_at_k": 0.23839285714285713,
      "frequency_precision_at_k": 0.27976190476190477,
      "hit_rate_pct": 58.92857142857143,
      "baseline_hit_rate_pct": 55.77649821428571,
      "frequency_hit_rate_pct": 63.39285714285714,
      "precision_at_k_pct": 25.297619047619047,
      "baseline_precision_at_k_pct": 23.83928571428571,
      "frequency_precision_at_k_pct": 27.976190476190478,
      "hit_rate_delta_vs_baseline_pct": 3.152073214285722,
      "hit_rate_delta_vs_frequency_pct": -4.46428571428571,
      "precision_delta_vs_baseline_pct": 1.4583333333333337,
      "precision_delta_vs_frequency_pct": -2.67857142857143,
      "recent_hit_rate": 0.6,
      "recent_hit_rate_pct": 60.0,
      "recent_precision_at_k": 0.2833333333333333,
      "recent_precision_at_k_pct": 28.333333333333332,
      "win_rate_vs_frequency": 0.45982142857142855,
      "win_rate_vs_frequency_pct": 45.982142857142854,
      "unique_prediction_rate": 0.7142857142857143,
      "unique_prediction_rate_pct": 71.42857142857143,
      "avg_score_gap": 0.0025166396203091944,
      "ranking_score": 0.2183685673716178,
      "ranking_score_pct": 21.83685673716178,
      "repeated_prediction_rate": 0.2857142857142857,
      "repeated_prediction_rate_pct": 28.57142857142857,
      "research_verdict": "drop",
      "research_notes": [
        "loses to frequency hit rate",
        "hurts precision",
        "recent form is strong"
      ],
      "bridge_signal": true
    },
    {
      "target": "loto2",
      "mode": "all",
      "signal": "bridge",
      "top_k": 3,
      "train_size": 30,
      "test_size": 112,
      "hit_rate": 0.5803571428571429,
      "baseline_hit_rate": 0.5577649821428571,
      "frequency_hit_rate": 0.6339285714285714,
      "precision_at_k": 0.2470238095238095,
      "baseline_precision_at_k": 0.23839285714285713,
      "frequency_precision_at_k": 0.27976190476190477,
      "hit_rate_pct": 58.03571428571429,
      "baseline_hit_rate_pct": 55.77649821428571,
      "frequency_hit_rate_pct": 63.39285714285714,